index,filename,capture_time
001,DSC00035-Photoroom.JPG,<nil>
002,DSC00036-Photoroom.JPG,<nil>
003,DSC00037-Photoroom.JPG,<nil>
004,DSC00038-Photoroom.JPG,<nil>
005,DSC00039-Photoroom.JPG,<nil>
006,DSC00040-Photoroom.JPG,<nil>
007,DSC00041-Photoroom.JPG,<nil>
008,DSC00042-Photoroom.JPG,<nil>
009,DSC00043-Photoroom.JPG,<nil>
010,DSC00044-Photoroom.JPG,<nil>
011,DSC00044.JPG,2026:09:26 14:12:04
012,DSC00045-Photoroom.JPG,<nil>
013,DSC00046-Photoroom.JPG,<nil>
014,DSC00047-Photoroom.JPG,<nil>
015,DSC00047.JPG,2026:09:26 14:20:30
016,DSC00048-Photoroom.JPG,<nil>
017,DSC00049-Photoroom.JPG,<nil>
018,DSC00050-Photoroom.JPG,<nil>
019,DSC00051-Photoroom.JPG,<nil>
020,DSC00052-Photoroom.JPG,<nil>
021,DSC00053-Photoroom.JPG,<nil>
022,DSC00054-Photoroom.JPG,<nil>
023,DSC00055-Photoroom.JPG,<nil>
024,DSC00056-Photoroom.JPG,<nil>
025,DSC00057-Photoroom.JPG,<nil>
026,DSC00058-Photoroom.JPG,<nil>
027,DSC00059-Photoroom.JPG,<nil>
028,DSC00060-Photoroom.JPG,<nil>
029,DSC00061-Photoroom.JPG,<nil>
030,DSC00062-Photoroom.JPG,<nil>
031,DSC00063-Photoroom.JPG,<nil>
032,DSC00064-Photoroom.JPG,<nil>
033,DSC00065.JPG,2026:09:26 17:34:38
034,DSC00066-Photoroom.jpg,<nil>
035,DSC00067-Photoroom.jpg,<nil>
036,DSC00068-Photoroom.JPG,<nil>
037,DSC00069-Photoroom.JPG,<nil>
038,DSC00069.JPG,2026:09:26 17:48:44
039,DSC00070-Photoroom.JPG,<nil>
040,DSC00070.JPG,2026:09:26 17:57:09
041,DSC00071-Photoroom.JPG,<nil>
042,DSC00072-Photoroom.JPG,<nil>
043,DSC00072.JPG,2026:09:26 18:13:38
044,DSC00073-Photoroom.JPG,<nil>
045,DSC00074-Photoroom.JPG,<nil>
046,DSC00074.JPG,2026:09:26 18:25:45
047,DSC00075-Photoroom.JPG,<nil>
048,DSC00076-Photoroom.jpg,<nil>
049,DSC00077-Photoroom.jpg,<nil>
050,DSC00077.JPG,2026:09:26 18:33:22
051,DSC00078-Photoroom.JPG,<nil>
052,DSC00079-Photoroom.JPG,<nil>
053,DSC00079.JPG,2026:09:26 18:38:55
054,IMG_2921-Photoroom.JPG,<nil>
055,IMG_2922-Photoroom.JPG,<nil>
056,IMG_2923-Photoroom.JPG,<nil>
057,IMG_2924-Photoroom.JPG,<nil>
058,IMG_2925-Photoroom.JPG,<nil>
059,IMG_2926-Photoroom.JPG,<nil>
060,IMG_2927-Photoroom.JPG,<nil>
061,IMG_2928-Photoroom.JPG,<nil>
062,IMG_2929-Photoroom.JPG,<nil>
063,IMG_2930-Photoroom.JPG,<nil>
064,IMG_2930.heic,2026:09:26 13:36:53
065,IMG_2931-Photoroom.JPG,<nil>
066,IMG_2932-Photoroom.JPG,<nil>
067,IMG_2934-Photoroom.JPG,<nil>
068,IMG_2935-Photoroom.JPG,<nil>
069,IMG_2936-Photoroom.JPG,<nil>
070,IMG_2937-Photoroom.JPG,<nil>
071,IMG_2937.heic,2026:09:26 13:41:44
072,IMG_2938-Photoroom.JPG,<nil>
073,IMG_2939-Photoroom.JPG,<nil>
074,IMG_2940-Photoroom.JPG,<nil>
075,IMG_2941-Photoroom.JPG,<nil>
076,IMG_2942-Photoroom.JPG,<nil>
077,IMG_2943-Photoroom.JPG,<nil>
078,IMG_2944-Photoroom.JPG,<nil>
079,IMG_2945-Photoroom.JPG,<nil>
080,IMG_2946-Photoroom.JPG,<nil>
081,IMG_2947-Photoroom.JPG,<nil>
082,IMG_2948-Photoroom.JPG,<nil>
083,IMG_2948.heic,2026:09:26 13:51:49
084,IMG_2949-Photoroom.JPG,<nil>
085,IMG_2950-Photoroom.JPG,<nil>
086,IMG_2951-Photoroom.JPG,<nil>
087,IMG_2952-Photoroom.JPG,<nil>
088,IMG_2953-Photoroom.JPG,<nil>
089,IMG_2954-Photoroom.JPG,<nil>
090,IMG_2955-Photoroom.JPG,<nil>
091,IMG_2956-Photoroom.JPG,<nil>
092,IMG_2957-Photoroom.JPG,<nil>
093,IMG_2958-Photoroom.JPG,<nil>
094,IMG_2959-Photoroom.JPG,<nil>
095,IMG_2960-Photoroom.JPG,<nil>
096,IMG_2961-Photoroom.JPG,<nil>
097,IMG_2962-Photoroom.JPG,<nil>
098,IMG_2963-Photoroom.JPG,<nil>
099,IMG_2964-Photoroom.JPG,<nil>
100,IMG_2965-Photoroom.JPG,<nil>
101,IMG_2966-Photoroom.JPG,<nil>
102,IMG_2967-Photoroom.JPG,<nil>
103,IMG_2968.heic,2026:09:26 14:09:04
104,IMG_2969-Photoroom.JPG,<nil>
105,IMG_2970-Photoroom.JPG,<nil>
106,IMG_2971-Photoroom.JPG,<nil>
107,IMG_2972-Photoroom.JPG,<nil>
108,IMG_2973-Photoroom.JPG,<nil>
109,IMG_2974-Photoroom.JPG,<nil>
110,IMG_2975-Photoroom.JPG,<nil>
111,IMG_2976-Photoroom.JPG,<nil>
112,IMG_2977-Photoroom.JPG,<nil>
113,IMG_2978-Photoroom.JPG,<nil>
114,IMG_2979-Photoroom 2.JPG,<nil>
115,IMG_2979-Photoroom.JPG,<nil>
116,IMG_2980-Photoroom.JPG,<nil>
117,IMG_2981-Photoroom.JPG,<nil>
118,IMG_2982-Photoroom.JPG,<nil>
119,IMG_2983-Photoroom.JPG,<nil>
120,IMG_2984-Photoroom.JPG,<nil>
121,IMG_2985-Photoroom.JPG,<nil>
122,IMG_2986-Photoroom.JPG,<nil>
123,IMG_2987-Photoroom.JPG,<nil>
124,IMG_2988-Photoroom.JPG,<nil>
125,IMG_2989-Photoroom.JPG,<nil>
126,IMG_2990-Photoroom.JPG,<nil>
127,IMG_2992-Photoroom.JPG,<nil>
128,IMG_2993-Photoroom.JPG,<nil>
129,IMG_2994-Photoroom.JPG,<nil>
130,IMG_2995-Photoroom.JPG,<nil>
131,IMG_2996-Photoroom.JPG,<nil>
132,IMG_2997-Photoroom.JPG,<nil>
133,IMG_2998-Photoroom.JPG,<nil>
134,IMG_2999-Photoroom.JPG,<nil>
135,IMG_3001-Photoroom.JPG,<nil>
136,IMG_3002-Photoroom.JPG,<nil>
137,IMG_3003-Photoroom.JPG,<nil>
138,IMG_3004-Photoroom.JPG,<nil>
139,IMG_3005.heic,2026:09:26 14:27:34
140,IMG_3006-Photoroom.JPG,<nil>
141,IMG_3007-Photoroom.JPG,<nil>
142,IMG_3008-Photoroom.JPG,<nil>
143,IMG_3009-Photoroom.JPG,<nil>
144,IMG_3010-Photoroom.JPG,<nil>
145,IMG_3011-Photoroom.JPG,<nil>
146,IMG_3012-Photoroom.JPG,<nil>
147,IMG_3013-Photoroom.JPG,<nil>
148,IMG_3014-Photoroom.JPG,<nil>
149,IMG_3015-Photoroom.JPG,<nil>
150,IMG_3015.heic,2026:09:26 14:33:21
151,IMG_3016-Photoroom.JPG,<nil>
152,IMG_3017-Photoroom.JPG,<nil>
153,IMG_3018-Photoroom.JPG,<nil>
154,IMG_3019-Photoroom.JPG,<nil>
155,IMG_3020-Photoroom.JPG,<nil>
156,IMG_3021-Photoroom.JPG,<nil>
157,IMG_3022-Photoroom.JPG,<nil>
158,IMG_3023-Photoroom.JPG,<nil>
159,IMG_3024-Photoroom.JPG,<nil>
160,IMG_3025-Photoroom.JPG,<nil>
161,IMG_3026-Photoroom.JPG,<nil>
162,IMG_3027-Photoroom.JPG,<nil>
163,IMG_3028-Photoroom.JPG,<nil>
164,IMG_3028.heic,2026:09:26 15:07:13
165,IMG_3029-Photoroom.JPG,<nil>
166,IMG_3030-Photoroom.JPG,<nil>
167,IMG_3031-Photoroom.JPG,<nil>
168,IMG_3032-Photoroom.JPG,<nil>
169,IMG_3033-Photoroom.JPG,<nil>
170,IMG_3034-Photoroom.JPG,<nil>
171,IMG_3035-Photoroom.JPG,<nil>
172,IMG_3036-Photoroom.JPG,<nil>
173,IMG_3038-Photoroom.JPG,<nil>
174,IMG_3039-Photoroom.JPG,<nil>
175,IMG_3040-Photoroom.JPG,<nil>
176,IMG_3041-Photoroom.JPG,<nil>
177,IMG_3042.heic,2026:09:26 15:19:43
178,IMG_3043.heic,2026:09:26 15:20:01
179,IMG_3044-Photoroom.JPG,<nil>
180,IMG_3045-Photoroom.JPG,<nil>
181,IMG_3046-Photoroom.JPG,<nil>
182,IMG_3046.heic,2026:09:26 15:21:39
183,IMG_3047-Photoroom.JPG,<nil>
184,IMG_3048-Photoroom.JPG,<nil>
185,IMG_3049-Photoroom.JPG,<nil>
186,IMG_3050-Photoroom.JPG,<nil>
187,IMG_3051-Photoroom.JPG,<nil>
188,IMG_3052-Photoroom.JPG,<nil>
189,IMG_3053-Photoroom.JPG,<nil>
190,IMG_3054-Photoroom.JPG,<nil>
191,IMG_3055-Photoroom.JPG,<nil>
192,IMG_3056 4.heic,2026:09:26 16:53:35
193,IMG_3056-Photoroom.JPG,<nil>
194,IMG_3057-Photoroom.JPG,<nil>
195,IMG_3058-Photoroom.JPG,<nil>
196,IMG_3058.heic,2026:09:26 17:00:20
197,IMG_3059-Photoroom.JPG,<nil>
198,IMG_3060-Photoroom.JPG,<nil>
199,IMG_3061-Photoroom.JPG,<nil>
200,IMG_3062-Photoroom.JPG,<nil>
201,IMG_3064-Photoroom.JPG,<nil>
202,IMG_3065-Photoroom.JPG,<nil>
203,IMG_3069-Photoroom.JPG,<nil>
204,IMG_3069.heic,2026:09:26 17:16:13
205,IMG_3070-Photoroom.JPG,<nil>
206,IMG_3071-Photoroom.JPG,<nil>
207,IMG_3072-Photoroom.JPG,<nil>
208,IMG_3074-Photoroom.JPG,<nil>
209,IMG_3075-Photoroom.JPG,<nil>
210,IMG_3076.heic,2026:09:26 17:20:03
211,IMG_3077.heic,2026:09:26 17:20:10
212,IMG_3080.heic,2026:09:26 17:21:29
213,IMG_3081-Photoroom.JPG,<nil>
214,IMG_3082-Photoroom.JPG,<nil>
215,IMG_3083-Photoroom.JPG,<nil>
216,IMG_3084-Photoroom.JPG,<nil>
217,IMG_3085-Photoroom.JPG,<nil>
218,IMG_3087-Photoroom.JPG,<nil>
219,IMG_3087.heic,2026:09:26 17:37:38
220,IMG_3088-Photoroom.JPG,<nil>
221,IMG_3089-Photoroom.JPG,<nil>
222,IMG_3091-Photoroom.JPG,<nil>
223,IMG_3092-Photoroom.jpg,<nil>
224,IMG_3092.heic,2026:09:26 17:39:59
225,IMG_3093.heic,2026:09:26 17:41:55
226,IMG_3094.heic,2026:09:26 17:42:08
227,IMG_3095-Photoroom.JPG,<nil>
228,IMG_3096-Photoroom.JPG,<nil>
229,IMG_3097-Photoroom.JPG,<nil>
230,IMG_3098-Photoroom.JPG,<nil>
231,IMG_3099-Photoroom.JPG,<nil>
232,IMG_3100-Photoroom.JPG,<nil>
233,IMG_3101-Photoroom.JPG,<nil>
234,IMG_3102-Photoroom.JPG,<nil>
235,IMG_3103-Photoroom.JPG,<nil>
236,IMG_3104-Photoroom.JPG,<nil>
237,IMG_3105-Photoroom.JPG,<nil>
238,IMG_3106-Photoroom.JPG,<nil>
239,IMG_3107-Photoroom.JPG,<nil>
240,IMG_3118-Photoroom.JPG,<nil>
241,IMG_3119-Photoroom.JPG,<nil>
242,IMG_3120-Photoroom.JPG,<nil>
243,IMG_3121-Photoroom.JPG,<nil>
244,IMG_3122-Photoroom.JPG,<nil>
245,IMG_3123-Photoroom.JPG,<nil>
246,IMG_3124-Photoroom.JPG,<nil>
247,IMG_3125-Photoroom.JPG,<nil>
248,IMG_3126-Photoroom.JPG,<nil>
249,IMG_3127-Photoroom.JPG,<nil>
250,IMG_3128-Photoroom.JPG,<nil>
251,IMG_3135-Photoroom.JPG,<nil>
252,IMG_3136-Photoroom.JPG,<nil>
253,IMG_3137-Photoroom.JPG,<nil>
254,IMG_3138-Photoroom.JPG,<nil>
255,IMG_3139-Photoroom.JPG,<nil>
256,IMG_3140-Photoroom.JPG,<nil>
257,IMG_3141-Photoroom.JPG,<nil>
258,IMG_3142-Photoroom.JPG,<nil>
259,IMG_3143-Photoroom.JPG,<nil>
260,IMG_3144-Photoroom.JPG,<nil>
261,IMG_3145-Photoroom.JPG,<nil>
262,IMG_3146-Photoroom.JPG,<nil>
263,IMG_3147-Photoroom.JPG,<nil>
264,IMG_3148-Photoroom.JPG,<nil>
265,IMG_3149-Photoroom.JPG,<nil>
266,IMG_3150-Photoroom.JPG,<nil>
267,IMG_3151-Photoroom.JPG,<nil>
268,IMG_3152-Photoroom.JPG,<nil>
269,IMG_3153-Photoroom.JPG,<nil>
270,IMG_3154-Photoroom.JPG,<nil>
271,IMG_3155-Photoroom.JPG,<nil>
272,IMG_3156-Photoroom.JPG,<nil>
273,IMG_3157-Photoroom.JPG,<nil>
274,IMG_3158.heic,2026:09:26 18:35:08
275,IMG_3159-Photoroom.JPG,<nil>
276,IMG_3160-Photoroom.JPG,<nil>
277,IMG_3161-Photoroom.JPG,<nil>
278,IMG_3162-Photoroom.JPG,<nil>
279,IMG_3163-Photoroom.JPG,<nil>
280,IMG_3164.heic,2026:09:26 18:39:47
281,IMG_3165-Photoroom.JPG,<nil>
282,IMG_3166-Photoroom.JPG,<nil>
283,IMG_3167-Photoroom.JPG,<nil>
284,IMG_3219-Photoroom.JPG,<nil>
285,IMG_7935-Photoroom.JPG,<nil>
286,IMG_7936-Photoroom.JPG,<nil>
287,IMG_7937-Photoroom.JPG,<nil>
288,IMG_7938-Photoroom.JPG,<nil>
289,IMG_7940-Photoroom.JPG,<nil>
290,Photoroom_20260927_172011.JPEG,<nil>
