sku_pattern,cost,notes
SF - Summer Designer Mix,6.45,"owner: 'or similar'; 2 Sep - the 2026-09-02 ledger wrote it as 'SF - Men's Summer Designer Mix'. Owner confirmed there is no separate men's bundle: it is just Summer Designer, 6.45"
SF Women's Y2K Mix,5.10,
VWM - RL Lacoste Polos,6.60,owner wrote 'VWM RL/Lacoste Polo'
VWM - Women's Y2K Mix,5.23,
VWM - Track Jacket,9.60,
VWM Hoodie,9.00,
VWM Sweat,9.00,
VWM Carhartt and Dickies T Shirts,6.00,added 16 Aug
VWM Trackbottoms,8.40,added 16 Aug
VWM - Summer Women's Mix,,NO RATE GIVEN - do not borrow the SF summer figure
VWM - Women's Summer Mix,,NO RATE GIVEN - do not borrow the SF summer figure
VWM - Windbreakers,9.60,"owner 2 Sep; same rate as VWM - Track Jacket"
World Vintage Lacoste Cardigans,9.60,"owner 2 Sep renamed from the ledger's 'VWM - Lacoste Jumpers/Cardigans'; rate given 2 Sep"
SF - Fripe Winter Jackets,14.61,"owner 23 Sep; per item"
SF Fripe - Jackets,14.61,"owner 27 Sep: same bundle as 'SF - Fripe Winter Jackets'. All jackets take 14.61"
SF3,14.61,"owner 27 Sep: a jacket, so it takes the 14.61 jacket rate"
VWM - Lacoste Jumpers/Cardigans,9.60,"alias of 'World Vintage Lacoste Cardigans' - the owner renamed it 2 Sep but the voice note still says the old name. Same bundle, same rate."
SF - Men's Summer Designer Mix,6.45,alias of 'SF - Summer Designer Mix'. Owner ruled 23 Sep that there is no separate men's bundle.
VWM - Hoodies/Sweatshirts,9.00,"alias covering 'VWM Hoodie' and 'VWM Sweat', which are both 9.00, so the merged name is unambiguous."
SF Fripe - Summer Mix,6.45,"ASSUMED, NOT CONFIRMED - read as an alias of 'SF - Summer Designer Mix' by the same pattern that made 'SF Fripe - Jackets' equal 'SF - Fripe Winter Jackets' (owner, 27 Sep). Confirm before it ships."
SF Fripe - RL Tommy Lacoste Mix,,NO RATE GIVEN - new bundle on the 28 Sep ledger. Do not borrow the 6.45 summer figure or the 6.60 polo figure; ask.
