item_no,title,brand,category_id,size_id,condition,color,secondary_color,price,sku,quantity,era,era_evidence,material,material_source,defects,defect_severity,Shipping weight,Shipping weight unit,Domestic shipping price,Worldwide shipping price,Free domestic shipping,Free worldwide shipping,Tags,Who made,When made,Smart pricing,Smart pricing price,Accept offers,Is auction,Auction starting price,Cost of Goods,Internal note,description,price_source,price_basis,flags
001,Daisy Fuentes Y2K Babydoll Nightdress Pink Womens Small Lace Mesh Chemise Slip,Daisy Fuentes,d8eea4c3-8b99-9272-0a74-970762106585,0a197135-09d9-7a16-9bc8-9fe09264a06a,VeryGood,Pink,Cream,12.99,VWM - Women's Y2K Mix,1,2000s,"Daisy Fuentes launched as a Kohl's label in the mid-2000s, and the moulded-cup babydoll over a sheer mesh skirt is its 2000s sleepwear shape.",90% Polyester / 10% Elastane,ledger states 90% polyester / 10% elastane,None,None,150,Grams,2.95,,FALSE,FALSE,daisy|fuentes|y2k|babydoll|nightdress|pink|womens|small|lace|mesh|chemise|slip,SomeoneElse,From2000To2006,FALSE,,TRUE,FALSE,,5.23,Department: Women | Style: Babydoll | Neckline: Sweetheart | Sleeve length: Sleeveless,"Very Good Condition
Size: Small (Measurements provided on the images)
Era: 2000s

🧵Material: 90% Polyester / 10% Elastane
🚚 Quick Delivery
📦 Guaranteed Authenticity With Milltown Archive

Item Description: Daisy Fuentes babydoll nightdress in blush pink with lace-trimmed moulded underwired cups and a sheer mesh skirt. Adjustable satin straps, a bow at the bust and a hook-and-eye back closure.",owner,,
002,Versace Dress Shirt Black Mens Large Collar 16 Business Fit Italian Designer,Versace,8a6dbd8e-a372-263f-66db-3d785d2420d3,f9ea6dc9-36f2-458a-3070-f8947835429a,VeryGood,Black,,39.99,SF - Summer Designer Mix,1,2000s to 2010s,"BUSINESS FIT printed on the collar label above Italian-first care labelling - the Versace Collection line, which ran that fit name through the 2000s and 2010s. Nothing here narrows it further.",51% Viscose / 49% Cotton,composition tag photographed and read (IMG_2332),None,None,300,Grams,2.95,,FALSE,FALSE,versace|dress|shirt|black|mens|large|collar|16|business|fit|italian|designer,SomeoneElse,From2007To2009,FALSE,,TRUE,FALSE,,6.45,Department: Men | Type: Button-Up | Neckline: Collared | Sleeve length: Long Sleeve,"Very Good Condition
Size: Collar 16in / 41cm (approx. Large) (Measurements provided on the images)
Era: 2000s to 2010s

🧵Material: 51% Viscose / 49% Cotton
🚚 Quick Delivery
📦 Guaranteed Authenticity With Milltown Archive

Item Description: Versace Business Fit dress shirt in black with a tonal chevron jacquard weave running through the cloth. Point collar, full button placket, single-button cuffs and a curved hem. Collar 16in / 41cm.",owner,,MATERIAL FILLED FROM PHOTO - the ledger left it blank; the tag reads 51% viscose / 49% cotton (IMG_2332).
003,Nike Track Jacket Navy Green Mens Medium Vintage 90s Windbreaker Colourblock,Nike,9123dbca-1d72-2ad1-823b-7786ffd12661,51fb40ab-9573-468e-1d52-be5be9d44e75,VeryGood,Blue,Green,24.99,VWM - Windbreakers,1,1990s,"Woven Nike label with the swoosh set above the wordmark, and the chest logo embroidered in green - the 1990s nylon shell, not a later reissue.",Nylon,estimated - care label photographed but composition not legible,None,None,480,Grams,2.95,,FALSE,FALSE,nike|track|jacket|navy|green|mens|medium|vintage|90s|windbreaker|colourblock,SomeoneElse,From1990s,FALSE,,TRUE,FALSE,,,Department: Men | Style: Windbreaker | Outer Shell Material: Nylon,"Very Good Condition
Size: Medium Men's (Measurements provided on the images)
Era: 1990s

🧵Material: Nylon
🚚 Quick Delivery
📦 Guaranteed Authenticity With Milltown Archive

Item Description: 1990s vintage Nike windbreaker in navy with green and white colourblock panels across the chest and sleeves. Full-length zip, embroidered Nike wordmark and swoosh at the chest, elasticated cuffs and hem and a lined body.",owner,,COLOUR FILLED FROM PHOTOS - the ledger left it blank. NO COST RATE - cost-rates.csv has no row for 'VWM - Windbreakers'.
004,Ralph Lauren Y2K Polo Dress Navy White Striped Womens Large Mesh Mini Dress,Ralph Lauren,d858e5ee-3b08-47f8-284a-9e9b228e6857,903b02f6-1f5a-36ed-6620-bfae7fb51f8f,VeryGood,Blue,White,14.99,VWM - RL Lacoste Polos,1,2000s,Polo blue label with the embroidered chest pony on a cotton mesh pique - the 2000s Ralph Lauren polo dress.,Cotton mesh pique,estimated - care tag photographed but composition not legible,Very small minor discrepancy on the front,Minor,300,Grams,2.95,,FALSE,FALSE,ralph|lauren|y2k|polo|dress|navy|white|striped|womens|large|mesh|mini,SomeoneElse,From2000To2006,FALSE,,TRUE,FALSE,,6.60,Department: Women | Style: Shirt Dress | Neckline: Collared | Sleeve length: Short Sleeve,"Very Good Vintage Condition
Size: Large (Measurements provided on the images)
Era: 2000s

🧵Material: Cotton mesh pique
🚚 Quick Delivery
📦 Guaranteed Authenticity With Milltown Archive

Item Description: Ralph Lauren polo dress in navy and white stripe with the signature embroidered pony at the chest. Cotton mesh pique with a ribbed collar, a three-button placket and a short mini length. Very small minor discrepancy on the front.",owner,,"COLOUR FILLED FROM PHOTOS - the ledger's colour cell held 'Mesh mini', a description rather than a colour."
005,Nike Windbreaker Blue Vintage 90s Pullover Half Zip Womens Large Oversized,Nike,5ccde2ec-7496-6f7b-39b1-ca9b575991a3,903b02f6-1f5a-36ed-6620-bfae7fb51f8f,VeryGood,Blue,Black,24.99,VWM - Windbreakers,1,1990s,"Half-zip nylon pullover with a contrast yoke, a bright yellow lining and an embroidered chest swoosh - the 1990s Nike pullover shell.",Nylon,estimated - no composition tag photographed,A couple of white marks on the front and a couple of discrepancies (see images),Minor,420,Grams,2.95,,FALSE,FALSE,nike|windbreaker|blue|vintage|90s|pullover|half|zip|womens|large|oversized,SomeoneElse,From1990s,FALSE,,TRUE,FALSE,,,Department: Unisex Adults | Style: Windbreaker | Outer Shell Material: Nylon,"Very Good Vintage Condition
Size: Large Women's (oversized fit) (Measurements provided on the images and below)
Era: 1990s

🧵Material: Nylon
🚚 Quick Delivery
📦 Guaranteed Authenticity With Milltown Archive

Pit to Pit: 23.5""

Item Description: 1990s vintage Nike pullover windbreaker in two-tone blue, with a navy body and a lighter blue yoke. Half-length zip with a stand collar, embroidered swoosh at the chest, contrast yellow lining and elasticated cuffs and hem. A couple of white marks on the front and a couple of discrepancies (see images).",owner,,"SIZE FROM OWNER, 2 Sep - ledger blank and no size label in any photograph. Owner dictated Large Women's (oversized fit) with a 23.5in pit to pit, so the category moves from Men's to Women's windbreakers to carry a women's size id. Department stays Unisex Adults per the ledger. NO COST RATE - cost-rates.csv has no row for 'VWM - Windbreakers'."
006,Lacoste Jumper Blue Womens Small Vintage Wool Crew Neck Knit Sweater Croc,Lacoste,b37101d8-8d9e-0f1f-0948-ac72e18fa171,0a197135-09d9-7a16-9bc8-9fe09264a06a,VeryGood,Blue,Red,16.99,VWM - Lacoste Jumpers/Cardigans,1,1990s,Lacoste croc neck label sized FR 5 above a Woolmark pure new wool care tag - the French-sized wool knit rather than the later cotton line.,Pure New Wool,composition tag photographed and read (IMG_2378),None,None,400,Grams,2.95,,FALSE,FALSE,lacoste|jumper|blue|womens|small|vintage|wool|crew|neck|knit|sweater|croc,SomeoneElse,From1990s,FALSE,,TRUE,FALSE,,,Department: Women | Style: Pullover | Neckline: Crew Neck | Sleeve length: Long Sleeve,"Very Good Condition
Size: Small (Measurements provided on the images)
Era: 1990s

🧵Material: Pure New Wool
🚚 Quick Delivery
📦 Guaranteed Authenticity With Milltown Archive

Item Description: Lacoste crew neck jumper in bright blue with navy and red striped ribbing at the hem and cuffs, and the embroidered crocodile at the chest. Fine pure new wool knit.",owner,,"SIZE RESOLVED, owner 2 Sep - the neck label reads FR 5 / US L but the garment has shrunk, so the ledger's Small is the size as it actually measures. Not a transcription error. MATERIAL FILLED FROM PHOTO - ledger left it blank. NO COST RATE - cost-rates.csv has no row for 'VWM - Lacoste Jumpers/Cardigans'."
007,Lacoste Polo Shirt Grey White Mens XL Colourblock Pique Croc Short Sleeve,Lacoste,53a08abc-4447-97e2-211b-4e5b23c79b26,471245b9-1139-0a68-77c5-a26a9e635e2f,VeryGood,Gray,White,16.00,VWM - RL Lacoste Polos,1,2010s,"REGULAR FIT neck label, made in Peru, sized 6 - Lacoste's 2010s production rather than the earlier French-made run.",100% Cotton,ledger states 100% cotton,None,None,280,Grams,2.95,,FALSE,FALSE,lacoste|polo|shirt|grey|white|mens|xl|colourblock|pique|croc|short|sleeve,SomeoneElse,From2010To2019,FALSE,,TRUE,FALSE,,6.60,Department: Men | Type: Polo | Neckline: Collared | Sleeve length: Short Sleeve,"Very Good Condition
Size: XL Men's (Measurements provided on the images)
Era: 2010s

🧵Material: 100% Cotton
🚚 Quick Delivery
📦 Guaranteed Authenticity With Milltown Archive

Item Description: Lacoste polo shirt in grey marl with a contrast charcoal collar and placket and cream sleeves. Cotton pique with the embroidered crocodile at the chest, a two-button placket and ribbed sleeve bands.",owner,,"COLOUR FILLED FROM PHOTOS - the ledger's colour cell held '100% cotton', a material rather than a colour."
