Id,Title,Description,Price,Original Price,Brand,Category id,Size id,Condition,Color,Secondary color,Images,Quantity,Shipping weight,Shipping weight unit,Shipping height,Shipping width,Shipping length,Domestic shipping price,Worldwide shipping price,Free domestic shipping,Free worldwide shipping,Tags,SKU,Who made,When made,Smart pricing,Smart pricing price,Accept offers,Is auction,Auction starting price,Cost of Goods,Internal note
,Daisy Fuentes Y2K Babydoll Nightdress Pink Womens Small Lace Mesh Chemise Slip,"Very Good Condition
Size: Small (Measurements provided on the images)
Era: 2000s

🧵Material: 90% Polyester / 10% Elastane
🚚 Quick Delivery
📦 Guaranteed Authenticity With Milltown Archive

Item Description: Daisy Fuentes babydoll nightdress in blush pink with lace-trimmed moulded underwired cups and a sheer mesh skirt. Adjustable satin straps, a bow at the bust and a hook-and-eye back closure.",12.99,,Daisy Fuentes,d8eea4c3-8b99-9272-0a74-970762106585,0a197135-09d9-7a16-9bc8-9fe09264a06a,VeryGood,Pink,Cream,001_01.jpg|001_02.jpg|001_03.jpg|001_04.jpg|001_05.jpg|001_06.jpg|001_07.jpg|001_08.jpg|001_09.jpg|001_10.jpg|001_11.jpg|001_12.jpg|001_13.jpg|001_14.jpg|001_15.jpg,1,150,Grams,,,,2.95,,FALSE,FALSE,daisy|fuentes|y2k|babydoll|nightdress|pink|womens|small|lace|mesh|chemise|slip,VWM - Women's Y2K Mix,SomeoneElse,From2000To2006,FALSE,,TRUE,FALSE,,5.23,Department: Women | Style: Babydoll | Neckline: Sweetheart | Sleeve length: Sleeveless
,Versace Dress Shirt Black Mens Large Collar 16 Business Fit Italian Designer,"Very Good Condition
Size: Collar 16in / 41cm (approx. Large) (Measurements provided on the images)
Era: 2000s to 2010s

🧵Material: 51% Viscose / 49% Cotton
🚚 Quick Delivery
📦 Guaranteed Authenticity With Milltown Archive

Item Description: Versace Business Fit dress shirt in black with a tonal chevron jacquard weave running through the cloth. Point collar, full button placket, single-button cuffs and a curved hem. Collar 16in / 41cm.",39.99,,Versace,8a6dbd8e-a372-263f-66db-3d785d2420d3,f9ea6dc9-36f2-458a-3070-f8947835429a,VeryGood,Black,,002_01.jpg|002_02.jpg|002_03.jpg|002_04.jpg|002_05.jpg|002_06.jpg|002_07.jpg|002_08.jpg|002_09.jpg,1,300,Grams,,,,2.95,,FALSE,FALSE,versace|dress|shirt|black|mens|large|collar|16|business|fit|italian|designer,SF - Summer Designer Mix,SomeoneElse,From2007To2009,FALSE,,TRUE,FALSE,,6.45,Department: Men | Type: Button-Up | Neckline: Collared | Sleeve length: Long Sleeve
,Nike Track Jacket Navy Green Mens Medium Vintage 90s Windbreaker Colourblock,"Very Good Condition
Size: Medium Men's (Measurements provided on the images)
Era: 1990s

🧵Material: Nylon
🚚 Quick Delivery
📦 Guaranteed Authenticity With Milltown Archive

Item Description: 1990s vintage Nike windbreaker in navy with green and white colourblock panels across the chest and sleeves. Full-length zip, embroidered Nike wordmark and swoosh at the chest, elasticated cuffs and hem and a lined body.",24.99,,Nike,9123dbca-1d72-2ad1-823b-7786ffd12661,51fb40ab-9573-468e-1d52-be5be9d44e75,VeryGood,Blue,Green,003_01.jpg|003_02.jpg|003_03.jpg|003_04.jpg|003_05.jpg|003_06.jpg|003_07.jpg|003_08.jpg|003_09.jpg|003_10.jpg|003_11.jpg|003_12.jpg,1,480,Grams,,,,2.95,,FALSE,FALSE,nike|track|jacket|navy|green|mens|medium|vintage|90s|windbreaker|colourblock,VWM - Windbreakers,SomeoneElse,From1990s,FALSE,,TRUE,FALSE,,,Department: Men | Style: Windbreaker | Outer Shell Material: Nylon
,Ralph Lauren Y2K Polo Dress Navy White Striped Womens Large Mesh Mini Dress,"Very Good Vintage Condition
Size: Large (Measurements provided on the images)
Era: 2000s

🧵Material: Cotton mesh pique
🚚 Quick Delivery
📦 Guaranteed Authenticity With Milltown Archive

Item Description: Ralph Lauren polo dress in navy and white stripe with the signature embroidered pony at the chest. Cotton mesh pique with a ribbed collar, a three-button placket and a short mini length. Very small minor discrepancy on the front.",14.99,,Ralph Lauren,d858e5ee-3b08-47f8-284a-9e9b228e6857,903b02f6-1f5a-36ed-6620-bfae7fb51f8f,VeryGood,Blue,White,004_01.jpg|004_02.jpg|004_03.jpg|004_04.jpg|004_05.jpg|004_06.jpg|004_07.jpg|004_08.jpg|004_09.jpg|004_10.jpg|004_11.jpg,1,300,Grams,,,,2.95,,FALSE,FALSE,ralph|lauren|y2k|polo|dress|navy|white|striped|womens|large|mesh|mini,VWM - RL Lacoste Polos,SomeoneElse,From2000To2006,FALSE,,TRUE,FALSE,,6.60,Department: Women | Style: Shirt Dress | Neckline: Collared | Sleeve length: Short Sleeve
,Nike Windbreaker Blue Black Vintage 90s Pullover Half Zip Jacket Unisex,"Very Good Vintage Condition
Size: See measurements on the images
Era: 1990s

🧵Material: Nylon
🚚 Quick Delivery
📦 Guaranteed Authenticity With Milltown Archive

Item Description: 1990s vintage Nike pullover windbreaker in two-tone blue, with a navy body and a lighter blue yoke. Half-length zip with a stand collar, embroidered swoosh at the chest, contrast yellow lining and elasticated cuffs and hem. A couple of white marks on the front and a couple of discrepancies (see images).",24.99,,Nike,9123dbca-1d72-2ad1-823b-7786ffd12661,,VeryGood,Blue,Black,005_01.jpg|005_02.jpg|005_03.jpg|005_04.jpg|005_05.jpg|005_06.jpg|005_07.jpg|005_08.jpg|005_09.jpg|005_10.jpg,1,420,Grams,,,,2.95,,FALSE,FALSE,nike|windbreaker|blue|black|vintage|90s|pullover|half|zip|jacket|unisex,VWM - Windbreakers,SomeoneElse,From1990s,FALSE,,TRUE,FALSE,,,Department: Unisex Adults | Style: Windbreaker | Outer Shell Material: Nylon
,Lacoste Jumper Blue Womens Small Vintage Wool Crew Neck Knit Sweater Croc,"Very Good Condition
Size: Small (Measurements provided on the images)
Era: 1990s

🧵Material: Pure New Wool
🚚 Quick Delivery
📦 Guaranteed Authenticity With Milltown Archive

Item Description: Lacoste crew neck jumper in bright blue with navy and red striped ribbing at the hem and cuffs, and the embroidered crocodile at the chest. Fine pure new wool knit.",16.99,,Lacoste,b37101d8-8d9e-0f1f-0948-ac72e18fa171,0a197135-09d9-7a16-9bc8-9fe09264a06a,VeryGood,Blue,Red,006_01.jpg|006_02.jpg|006_03.jpg|006_04.jpg|006_05.jpg|006_06.jpg|006_07.jpg|006_08.jpg,1,400,Grams,,,,2.95,,FALSE,FALSE,lacoste|jumper|blue|womens|small|vintage|wool|crew|neck|knit|sweater|croc,VWM - Lacoste Jumpers/Cardigans,SomeoneElse,From1990s,FALSE,,TRUE,FALSE,,,Department: Women | Style: Pullover | Neckline: Crew Neck | Sleeve length: Long Sleeve
,Lacoste Polo Shirt Grey White Mens XL Colourblock Pique Croc Short Sleeve,"Very Good Condition
Size: XL Men's (Measurements provided on the images)
Era: 2010s

🧵Material: 100% Cotton
🚚 Quick Delivery
📦 Guaranteed Authenticity With Milltown Archive

Item Description: Lacoste polo shirt in grey marl with a contrast charcoal collar and placket and cream sleeves. Cotton pique with the embroidered crocodile at the chest, a two-button placket and ribbed sleeve bands.",16.00,,Lacoste,53a08abc-4447-97e2-211b-4e5b23c79b26,471245b9-1139-0a68-77c5-a26a9e635e2f,VeryGood,Gray,White,007_01.jpg|007_02.jpg|007_03.jpg|007_04.jpg|007_05.jpg|007_06.jpg|007_07.jpg|007_08.jpg|007_09.jpg|007_10.jpg|007_11.jpg|007_12.jpg,1,280,Grams,,,,2.95,,FALSE,FALSE,lacoste|polo|shirt|grey|white|mens|xl|colourblock|pique|croc|short|sleeve,VWM - RL Lacoste Polos,SomeoneElse,From2010To2019,FALSE,,TRUE,FALSE,,6.60,Department: Men | Type: Polo | Neckline: Collared | Sleeve length: Short Sleeve
