reason,index,filename
number card,016,DSC00019.HEIC
number card,017,DSC00020.HEIC
number card,022,DSC00026.HEIC
number card,066,IMG_2741.heic
number card,081,IMG_2757.heic
number card,087,IMG_2765.heic
number card,090,IMG_2768.heic
t-shirt - no ledger row,001,DSC00002-Photoroom.JPG
t-shirt - no ledger row,002,DSC00003-Photoroom.JPG
t-shirt - no ledger row,003,DSC00004-Photoroom.JPG
t-shirt - no ledger row,004,DSC00005-Photoroom.JPG
t-shirt - no ledger row,005,DSC00006-Photoroom.JPG
t-shirt - no ledger row,006,DSC00007-Photoroom.JPG
t-shirt - no ledger row,007,DSC00008-Photoroom.JPG
t-shirt - no ledger row,008,DSC00009-Photoroom.JPG
t-shirt - no ledger row,009,DSC00010-Photoroom.JPG
t-shirt - no ledger row,010,DSC00011-Photoroom.JPG
t-shirt - no ledger row,011,DSC00014-Photoroom.JPG
t-shirt - no ledger row,012,DSC00015-Photoroom.JPG
t-shirt - no ledger row,013,DSC00016-Photoroom.JPG
